[
    {
      "response_type": "greeting",
      "user_input": ["hello", "hi", "hey"],
      "bot_response": "Hey there!",
      "required_words": []
    },
    {
      "response_type": "greeting",
      "user_input": ["see you", "goodbye", "bye", "thanks"],
      "bot_response": "See you later!",
      "required_words": ["thanks"]
    },
    {
      "response_type": "greeting",
      "user_input": ["nice", "to", "meet", "you"],
      "bot_response": "The pleasure is all mine!",
      "required_words": ["nice", "meet", "you"]
    },
    {
      "response_type": "question",
      "user_input": ["how", "to", "learn", "code", "coding", "apps"],
      "bot_response": "open google and start by typing: 'how to learn coding'.",
      "required_words": ["learn", "code"]
    },
    {
      "response_type": "question",
      "user_input": ["refund", "how", "can", "I", "get"],
      "bot_response": "please contact technical support along with your order number...",
      "required_words": ["refund", "i"]
    },
    {
        "response_type": "question",
        "user_input": ["what", "are", "your", "policies"],
        "bot_response": "welcome! i'm your virtual assistant, designed to help you navigate through our offerings and answer any questions you might have. i can help you with [list of services or tasks].\n If you need assistance with something outside of my capabilities, I will guide you to the right resource.\n Your privacy is important to us. I do not store personal information unless necessary for providing a service. Please avoid sharing sensitive information.",
        "required_words": ["policies", "privacy"]
    },
    {
      "response_type": "question",
      "user_input": ["how", "are", "you"],
      "bot_response": "i'm great! thanks for asking.",
      "required_words": ["how", "are", "you"]
    },
    {
        "response_type": "question",
        "user_input": ["i", "need", "help", "related", "to"],
        "bot_response": "sure, i'm here to help! what do you need assistance with?",
        "required_words": ["help"]
    },
    {
        "response_type": "question",
        "user_input": ["what", "are", "your", "business", "hours"],
        "bot_response": "our business hours are monday to friday from 9 am to 5 pm. we're closed on weekends and public holidays.",
        "required_words": ["business", "hours"]
    },
    {
        "response_type": "question",
        "user_input": ["how", "can", "i", "contact", "customer", "support"],
        "bot_response": "you can contact our customer support at support@example.com or call us at (123) 456-7890.",
        "required_words": ["customer", "support"]
    },
    {
        "response_type": "question",
        "user_input": ["how", "can", "i", "return", "a", "product"],
        "bot_response": "to return a product, please follow the instructions on our returns page. You can also contact our support team for assistance.",
        "required_words": ["return"]
    },
    {
        "response_type": "question",
        "user_input": ["how", "can", "i", "get", "a", "refund"],
        "bot_response": "we offer refunds for eligible returns within 30 days of purchase. please refer to our refund policy page for more details.",
        "required_words": ["refund"]
    }     
]